Red,Nombre de la IPRESS,Código RENIPRESS,Provincia,Distrito
Red Cusco Sur,SAYLLA,00002314,CUSCO,SAYLLA
Red Cusco Norte,SAYLLAFAYA,00006975,CALCA,LAMAY
Red Cusco Norte,HUAMA,00007145,CALCA,LAMAY
Red Cusco Norte,PATABAMBA,00007144,CALCA,TARAY
Red CCE,PONGOÑA,00002365,CANAS,YANAOCA
Red CCE,YANAOCA,00002364,CANAS,YANAOCA
Red CCE,PAMPAPHALLA,00035845,CANCHIS,SICUANI
Red CCE,CHECACUPE,00034929,CANCHIS,CHECACUPE
Red Chumbivilcas,UCCHUCCARCCO,00016328,CHUMBIVILCAS,CHAMACA
Red Chumbivilcas,KAYNO,00035860,CHUMBIVILCAS,LIVITACA
Red Chumbivilcas,VELILLE,00002409,CHUMBIVILCAS,VELILLE
Red CCE,PICHIGUA ESPINAR,00034450,ESPINAR,PICHIGUA
Red La Convencion,PACHIRI,00002438,LA CONVENCION,ECHARATE
Red La Convencion,CHINGANILLA,00002463,LA CONVENCION,OCOBAMBA
Red Cusco Sur,ANDAHUAYLILLAS,00002525,QUISPICANCHI,ANDAHUAYLILLAS
Red Cusco VRAEM,LOBO TAHUANTINSUYO,00002471,LA CONVENCION,MANITEA
Red Cusco Norte,MANCO CAPAC,00002307,CUSCO,SANTIAGO
Red Cusco Norte,PUCYURA ANTA,00002339,ANTA,PUCYURA
Red Cusco Norte,PISAC,00002348,CALCA,PISAC
Red Cusco Norte,CUYO GRANDE,00002350,CALCA,PISAC
Red Cusco Norte,HUACHIBAMBA,00002362,CALCA,YANATILE
Red Cusco Norte,MUYUPAY,00002358,CALCA,YANATILE
Red CCE,HUINCHIRI,00002374,CANAS,QUEHUE
Red CCE,CCOCHAPATA,00032339,CANAS,TUPAC AMARU
Red CCE,TUNGASUCA,00002376,CANAS,TUPAC AMARU
Red CCE,MENTAL COMUNITARIO SICUANI,00026387,CANCHIS,SICUANI
Red CCE,QUEHUAR,00002381,CANCHIS,SICUANI
Red CCE,Sr de Pampacucho-Sicuani,00032923,CANCHIS,SICUANI
Red CCE,PITUMARCA,00034887,CANCHIS,PITUMARCA
Red Chumbivilcas,SAMUE CHUMBIVILCAS,00033097,CHUMBIVILCAS,SANTO TOMAS
Red Chumbivilcas,INGATA,00016329,CHUMBIVILCAS,CHAMACA
Red Chumbivilcas,HUARACO,00008913,CHUMBIVILCAS,COLQUEMARCA
Red Chumbivilcas,KISIO,00016334,CHUMBIVILCAS,LIVITACA
Red Chumbivilcas,YORENCCA,00007112,CHUMBIVILCAS,QUIÑOTA
Red CCE,URINSAYA,00002413,ESPINAR,COPORAQUE
Red La Convencion,CHAHUARES,00002451,LA CONVENCION,ECHARATE
Red Cusco Norte,VERSALLES,00002464,LA CONVENCION,OCOBAMBA
Red Cusco VRAEM,PUERTO MAYO,00002498,LA CONVENCION,PICHARI
Red Cusco VRAEM,NATIVIDAD,00007113,LA CONVENCION,PICHARI
Red Cusco Sur,YAURISQUE,00002509,PARURO,YAURISQUE
Red Cusco Norte,OTOCANI,00007143,PAUCARTAMBO,CHALLABAMBA
Red Cusco Sur,PICHIHUA COLQUEPATA,00002517,PAUCARTAMBO,COLQUEPATA
Red Cusco Sur,PATRIA,00002522,PAUCARTAMBO,KOSÑIPATA
Red La Convencion,SHIVANKORENI,00002452,LA CONVENCION,MEGANTONI
Red Cusco Sur,PATRÓN SAN SEBASTIAN,00030727,CUSCO,SAN JERONIMO
Red Cusco Norte,MENTAL SANTIAGO,00026182,CUSCO,SANTIAGO
Red Cusco Norte,HUAYLLACOCHA,00002334,ANTA,HUAROCONDO
Red Cusco Norte,HUANCALLE,00002354,CALCA,TARAY
Red Cusco Norte,CHANCAMAYO,00007142,CALCA,YANATILE
Red CCE,SANTA BARBARA,00002395,CANCHIS,SAN PABLO
Red CCE,SAN PABLO CANCHIS,00002394,CANCHIS,SAN PABLO
Red Chumbivilcas,PISQUICOCHA,00025739,CHUMBIVILCAS,LIVITACA
Red Chumbivilcas,ANTUYO,00027008,CHUMBIVILCAS,LLUSCO
Red La Convencion,PANGOA,00002440,LA CONVENCION,ECHARATE
Red La Convencion,HUILLCAPAMPA,00002466,LA CONVENCION,QUELLOUNO
Red Cusco VRAEM,SAMANIATO,00002474,LA CONVENCION,KIMBIRI
Red La Convencion,PAMPACONAS,00002486,LA CONVENCION,VILCABAMBA
Red Cusco VRAEM,MENTAL COMUNITARIO PICHARI,00033988,LA CONVENCION,PICHARI
Red Cusco Sur,HUANCA HUANCA,00038491,PARURO,HUANOQUITE
Red Cusco Norte,CRUZPATA,00010758,URUBAMBA,MARAS
Red Cusco Norte,YUCAY,00002551,URUBAMBA,YUCAY
Red Cusco VRAEM,PITIRINQUINI,00015169,LA CONVENCION,UNIÓN ASHANINKA
Red La Convencion,MIARIA,00002435,LA CONVENCION,MEGANTONI
Red Cusco VRAEM,UNION ROSALES,00002473,LA CONVENCION,MANITEA
Red Cusco Sur,ACCAMANA,00038487,CUSCO,SAN JERONIMO
Red CCE,MOSOCLLACTA,00002320,ACOMAYO,MOSOC LLACTA
Red Cusco Sur,PUESTO DE SALUD MARCACONGA,00002325,ACOMAYO,SANGARARA
Red Cusco Norte,COYA,00002343,CALCA,COYA
Red CCE,QUEHUE,00002373,CANAS,QUEHUE
Red Chumbivilcas,TAHUAY,00027009,CHUMBIVILCAS,CAPACMARCA
Red Chumbivilcas,COLLPA,00006748,CHUMBIVILCAS,LLUSCO
Red La Convencion,CHACCO,00002446,LA CONVENCION,ECHARATE
Red Cusco VRAEM,SAN JUAN DE KIMBIRI VRAEM,00002469,LA CONVENCION,KIMBIRI
Red La Convencion,CHONTABAMBA,00006976,LA CONVENCION,VILCABAMBA
Red Cusco Sur,URCOS,00002523,QUISPICANCHI,URCOS
Red Cusco Sur,CCAPANA,00016335,QUISPICANCHI,CCATCA
Red Cusco Norte,OCCOTUAN,00002544,URUBAMBA,CHINCHERO
Red Cusco Norte,HUAYLLABAMBA,00002545,URUBAMBA,HUAYLLABAMBA
Red Cusco VRAEM,CHIRUMPIARI,00002470,LA CONVENCION,CIELO PUNCO
Red La Convencion,NUEVO MUNDO,00002437,LA CONVENCION,MEGANTONI
Red La Convencion,KIRIGUETI,00002426,LA CONVENCION,MEGANTONI
Red Cusco Sur,SANTA ROSA,00002303,CUSCO,SAN SEBASTIAN
Red Cusco Norte,WANCHAQ,00002315,CUSCO,WANCHAQ
Red Cusco Norte,ANTA,00002326,ANTA,ANTA
Red Cusco Norte,COMPONE,00002328,ANTA,ANTA
Red Cusco Norte,QUESQUENTO,00002360,CALCA,YANATILE
Red CCE,CHECCA,00002366,CANAS,CHECCA
Red CCE,LANGUI,00002369,CANAS,LANGUI
Hospital,ALFREDO CALLO RODRIGUEZ,00002378,CANCHIS,SICUANI
Red CCE,HERCCA,00002379,CANCHIS,SICUANI
Red Chumbivilcas,MELLOTOTORA,00006982,CHUMBIVILCAS,SANTO TOMAS
Red Chumbivilcas,SANTO TOMAS,00002398,CHUMBIVILCAS,SANTO TOMAS
Red Chumbivilcas,CHAMACA,00002402,CHUMBIVILCAS,CHAMACA
Red Chumbivilcas,YANQUE,00012932,CHUMBIVILCAS,COLQUEMARCA
Red Chumbivilcas,QUIÑOTA,00002408,CHUMBIVILCAS,QUIÑOTA
Red CCE,PALLPATA,00002416,ESPINAR,PALLPATA
Hospital,QUILLABAMBA,00002421,LA CONVENCION,SANTA ANA
Red La Convencion,TRIO RIO,00013068,LA CONVENCION,ECHARATE
Red La Convencion,SANIRIATO,00002443,LA CONVENCION,ECHARATE
Red La Convencion,ICHIQUIATO,00002449,LA CONVENCION,ECHARATE
Red La Convencion,UCHUMAYO,00002461,LA CONVENCION,MARANURA
Red Cusco VRAEM,QUISTO CENTRAL,00007114,LA CONVENCION,PICHARI
Red Cusco VRAEM,VILLA VIRGEN,00002479,LA CONVENCION,VILLA VIRGEN
Red Cusco Sur,PARURO,00002499,PARURO,PARURO
Red Cusco Sur,VIZCOCHONI,00002518,PAUCARTAMBO,COLQUEPATA
Red Cusco Sur,CCATCCA,00002528,QUISPICANCHI,CCATCA
Red Cusco Sur,KCAURY,00002529,QUISPICANCHI,CCATCA
Red Cusco Norte,YANAHUARA,00002541,URUBAMBA,URUBAMBA
Red Cusco Norte,CAMINO INCA HUAYLLABAMBA,00006974,URUBAMBA,MACHUPICCHU
Red Cusco Norte,MENTAL COMUNITARIO CUSCO,00034419,CUSCO,CUSCO
Hospital,HOSPITAL DE APOYO DEPARTAMENTAL CUSCO,00002289,CUSCO,CUSCO
Red Cusco Sur,SAN SEBASTIAN,00002301,CUSCO,SAN SEBASTIAN
Red Cusco Norte,PANTIPATA,00006972,ANTA,CHINCHAYPUJIO
Red Cusco Norte,CHOQUECANCHA,00002346,CALCA,LARES
Red Cusco Norte,BELLAVISTA,00006973,CALCA,YANATILE
Red Cusco Norte,COMBAPATA YANATILE,00006971,CALCA,YANATILE
Red CCE,CCUYO,00002390,CANCHIS,MARANGANI
Red Chumbivilcas,CHILLOROYA - LIVITACA,00016325,CHUMBIVILCAS,LIVITACA
Red CCE,SAN MIGUEL,00002418,ESPINAR,PICHIGUA
Red La Convencion,PALMA REAL,00002439,LA CONVENCION,ECHARATE
Red Cusco VRAEM,NUEVO PROGRESO,00032211,LA CONVENCION,PICHARI
Red La Convencion,CCARCCO,00002481,LA CONVENCION,INKAWASI
Red Cusco Sur,ACCHA,00002500,PARURO,ACCHA
Red Cusco Sur,CHICHINA,00012931,QUISPICANCHI,CCATCA
Red Cusco Sur,CHILLIHUANI,00006980,QUISPICANCHI,CUSIPATA
Red Cusco Sur,MENTAL COMUNITARIO HUARO,00030708,QUISPICANCHI,HUARO
Red Cusco Sur,LUCRE,00002534,QUISPICANCHI,LUCRE
Red Cusco Norte,MENTAL COMUNITARIO URUBAMBA,00030666,URUBAMBA,URUBAMBA
Red Cusco VRAEM,MANTARO,00002495,LA CONVENCION,UNIÓN ASHANINKA
Red La Convencion,CASHIRIARI,00015843,LA CONVENCION,MEGANTONI
Red Cusco Norte,ZARZUELA ALTA,00002308,CUSCO,SANTIAGO
Red Cusco Sur,PUESTO DE SALUD SANGARARA,00002324,ACOMAYO,SANGARARA
Red Cusco Norte,CHACAN,00002327,ANTA,ANTA
Red Cusco Norte,AMPARAES,00002342,CALCA,LARES
Red CCE,SURIMANA,00002375,CANAS,TUPAC AMARU
Red CCE,SAN PEDRO CANCHIS,00002396,CANCHIS,SAN PEDRO
Red Chumbivilcas,CANGALLE,00035864,CHUMBIVILCAS,SANTO TOMAS
Red Chumbivilcas,CCOYO,00006981,CHUMBIVILCAS,SANTO TOMAS
Red Chumbivilcas,TINCURCA,00035863,CHUMBIVILCAS,CHAMACA
Red Chumbivilcas,CCACHO,00035861,CHUMBIVILCAS,CHAMACA
Red Chumbivilcas,TOTORA - REYNA DE LOS ANGELES,00025740,CHUMBIVILCAS,LIVITACA
Red La Convencion,POTRERO,00002424,LA CONVENCION,SANTA ANA
Red La Convencion,SAN ISIDRO LABRADOR - ECHARATI,00033273,LA CONVENCION,ECHARATE
Red La Convencion,KEPASHIATO,00002432,LA CONVENCION,ECHARATE
Red La Convencion,HUAYOPATA,00002455,LA CONVENCION,HUAYOPATA
Red La Convencion,ESTRELLA,00008906,LA CONVENCION,QUELLOUNO
Red Cusco Sur,HUARO,00002532,QUISPICANCHI,HUARO
Red Cusco Sur,QUIQUIJANA,00002538,QUISPICANCHI,QUIQUIJANA
Red Cusco Norte,CHINCHERO,00002543,URUBAMBA,CHINCHERO
Red La Convencion,KAMISEA,00002448,LA CONVENCION,MEGANTONI
Red La Convencion,CAMANA,00015844,LA CONVENCION,MEGANTONI
Red Cusco Norte,INDEPENDENCIA,00002292,CUSCO,CUSCO
Red Cusco Norte,PATRON SANTIAGO,00030730,CUSCO,WANCHAQ
Red Cusco Sur,RONDOCAN,00002323,ACOMAYO,RONDOCAN
Red Cusco Norte,CONCHACALLA,00002329,ANTA,ANTA
Red Cusco Norte,LIMATAMBO,00002336,ANTA,LIMATAMBO
Red Cusco Norte,URATARI,00010761,ANTA,LIMATAMBO
Red Cusco Norte,POQUES,00007146,CALCA,LAMAY
Red Cusco Norte,CCACHIN,00002345,CALCA,LARES
Red Cusco Norte,CUYO CHICO,00002349,CALCA,PISAC
Red Cusco Norte,TARAY,00002353,CALCA,TARAY
Red Cusco Norte,CCORIMAYO,00002356,CALCA,YANATILE
Red La Convencion,TUPAC AMARU QUELLOUNO,00002363,CALCA,YANATILE
Red CCE,COMBAPATA CANCHIS,00002386,CANCHIS,COMBAPATA
Red CCE,MARANGANI,00002388,CANCHIS,MARANGANI
Red CCE,CHECTUYOC,00002389,CANCHIS,MARANGANI
Red Chumbivilcas,ORCCOMA,00006983,CHUMBIVILCAS,SANTO TOMAS
Red Chumbivilcas,COLQUEMARCA,00002404,CHUMBIVILCAS,COLQUEMARCA
Red CCE,TINTAYA MARQUIRI,00006745,ESPINAR,ESPINAR
Red CCE,YAURI,00002410,ESPINAR,ESPINAR
Red La Convencion,HUAYANAY,00002422,LA CONVENCION,SANTA ANA
Red La Convencion,MATERIATO,00002434,LA CONVENCION,ECHARATE
Red La Convencion,KORIBENI,00002433,LA CONVENCION,ECHARATE
Red Cusco VRAEM,TAMBO DEL ENE,00015104,LA CONVENCION,PICHARI
Red Cusco VRAEM,PICHARI VRAEM,00034418,LA CONVENCION,PICHARI
Red Cusco VRAEM,OMAYA,00002496,LA CONVENCION,PICHARI
Red Cusco Sur,COLCHA,00002503,PARURO,COLCHA
Red Cusco Sur,MOLLOMARCA,00002511,PAUCARTAMBO,PAUCARTAMBO
Red Cusco Sur,CAICAY,00002512,PAUCARTAMBO,CAICAY
Red Cusco Sur,PILCOPATA,00002521,PAUCARTAMBO,KOSÑIPATA
Red Cusco Sur,CCARHUAYO,00002527,QUISPICANCHI,CCARHUAYO
Red Cusco Norte,MARAS,00002548,URUBAMBA,MARAS
Red Cusco VRAEM,MANITEA ALTA,00008284,LA CONVENCION,MANITEA
Red Cusco Norte,SAN PEDRO CUSCO,00002290,CUSCO,CUSCO
Red Cusco Norte,ZURITE,00002340,ANTA,ZURITE
Red Cusco Norte,CALCA,00002341,CALCA,CALCA
Red Cusco Norte,HUARAN,00010759,CALCA,CALCA
Red CCE,PAMPAMARCA,00002372,CANAS,PAMPAMARCA
Red Chumbivilcas,CCAPACMARCA,00002401,CHUMBIVILCAS,CAPACMARCA
Red Chumbivilcas,CANCAHUANI,00009963,CHUMBIVILCAS,CAPACMARCA
Red Chumbivilcas,HUAYCUÑUTA - URCURUTA,00027016,CHUMBIVILCAS,VELILLE
Red Chumbivilcas,ALCCA VICTORIA,00008912,CHUMBIVILCAS,VELILLE
Red La Convencion,ECHARATE,00002425,LA CONVENCION,ECHARATE
Red La Convencion,PAMPA CONCEPCION,00002430,LA CONVENCION,ECHARATE
Red La Convencion,SANTA MARIA,00002460,LA CONVENCION,MARANURA
Red Cusco VRAEM,MAPITUNARI,00002472,LA CONVENCION,KIMBIRI
Red La Convencion,SANTA TERESA,00002476,LA CONVENCION,SANTA TERESA
Red La Convencion,ARMA,00002490,LA CONVENCION,VILCABAMBA
Red La Convencion,CHOQUETIRA,00002487,LA CONVENCION,INKAWASI
Red Cusco Sur,CCOYABAMBA,00002502,PARURO,CCAPI
Red Cusco Sur,PILLPINTO,00002508,PARURO,PILLPINTO
Red Cusco Sur,AYRE,00002519,PAUCARTAMBO,COLQUEPATA
Red Cusco Sur,OCONGATE,00002536,QUISPICANCHI,OCONGATE
Red Cusco Norte,PATACANCHA,00010760,URUBAMBA,OLLANTAYTAMBO
Red La Convencion,SENSA,00002444,LA CONVENCION,MEGANTONI
Red La Convencion,CHOCORIARI,00002428,LA CONVENCION,MEGANTONI
Red Cusco Norte,CHOCCO,00002310,CUSCO,SANTIAGO
Red Cusco Norte,ANCAHUASI,00002330,ANTA,ANCAHUASI
Red Cusco Norte,QUELLO QUELLO,00002351,CALCA,PISAC
Red CCE,EL DESCANSO,00007700,CANAS,KUNTURKANKI
Red CCE,OCCOBAMBA MARANGANI,00002391,CANCHIS,MARANGANI
Red Chumbivilcas,LLIQUE,00006746,CHUMBIVILCAS,SANTO TOMAS
Red Chumbivilcas,LIVITACA,00002406,CHUMBIVILCAS,LIVITACA
Red CCE,OCCORURO,00002415,ESPINAR,OCORURO
Red La Convencion,SAN ANTONIO,00002450,LA CONVENCION,ECHARATE
Red La Convencion,CHAPO BOYERO,00008909,LA CONVENCION,QUELLOUNO
Red La Convencion,SAN MARTIN,00002468,LA CONVENCION,QUELLOUNO
Red Cusco VRAEM,PUEBLO LIBRE,00008283,LA CONVENCION,VILLA KINTIARINA
Red Cusco Sur,TOCRA,00006979,PAUCARTAMBO,COLQUEPATA
Red Cusco Sur,HUANCARANI,00002520,PAUCARTAMBO,HUANCARANI
Red Cusco Sur,CUSIPATA,00002530,QUISPICANCHI,CUSIPATA
Red Cusco Sur,MARCAPATA,00002535,QUISPICANCHI,MARCAPATA
Red Cusco Sur,OROPESA,00002537,QUISPICANCHI,OROPESA
Red Cusco Sur,CCOLCA,00002539,QUISPICANCHI,QUIQUIJANA
Red La Convencion,SEGAKIATO,00037658,LA CONVENCION,MEGANTONI
Red Cusco Norte,MIRAFLORES,00002293,CUSCO,CUSCO
Red Cusco Sur,SAN JERONIMO,00002300,CUSCO,SAN JERONIMO
Red Cusco Sur,MENTAL SAN SEBASTIAN,00026181,CUSCO,SAN SEBASTIAN
Red Cusco Norte,CCORAO,00002302,CUSCO,SAN SEBASTIAN
Hospital,ANTONIO LORENA DEL CUSCO,00002305,CUSCO,SANTIAGO
Red Cusco Norte,OCCOPATA,00002313,CUSCO,SANTIAGO
Red Cusco Sur,ACOMAYO,00002317,ACOMAYO,ACOMAYO
Red Cusco Sur,ACOPIA,00002318,ACOMAYO,ACOPIA
Red Cusco Norte,CACHIMAYO,00002331,ANTA,CACHIMAYO
Red Cusco Norte,HUAROCONDO,00002333,ANTA,HUAROCONDO
Red Cusco Norte,PAMPACONGA,00002337,ANTA,LIMATAMBO
Red Cusco Norte,SAN SALVADOR,00002352,CALCA,SAN SALVADOR
Red CCE,CHITIBAMBA,00002367,CANAS,CHECCA
Red CCE,CONDEVILUYO,00002370,CANAS,LANGUI
Red Chumbivilcas,YAVINA,00007111,CHUMBIVILCAS,SANTO TOMAS
Red La Convencion,KITENI,00002427,LA CONVENCION,ECHARATE
Red La Convencion,PUGUIENTIMARI,00013069,LA CONVENCION,ECHARATE
Red La Convencion,SAN PABLO HUAYOPATA,00002457,LA CONVENCION,HUAYOPATA
Red La Convencion,MARANURA,00002458,LA CONVENCION,MARANURA
Red La Convencion,OCCOBAMBA LACONVENCION,00002462,LA CONVENCION,OCOBAMBA
Red La Convencion,CHIRUMBIA,00008908,LA CONVENCION,QUELLOUNO
Red La Convencion,SELVA ALEGRE,00002493,LA CONVENCION,VILCABAMBA
Red La Convencion,LUCMAHUAYCO,00002491,LA CONVENCION,INKAWASI
Red La Convencion,INCAHUASI,00002482,LA CONVENCION,INKAWASI
Red Cusco Sur,SAHUA SAHUA,00012924,PARURO,OMACHA
Red Cusco Sur,PAUCARTAMBO,00002510,PAUCARTAMBO,PAUCARTAMBO
Red Cusco Norte,PAROBAMBA,00002515,PAUCARTAMBO,CHALLABAMBA
Red Cusco Sur,URPAY,00002533,QUISPICANCHI,HUARO
Red La Convencion,TANGOSHIARI,00013067,LA CONVENCION,MEGANTONI
Red La Convencion,PUERTO RICO,00002442,LA CONVENCION,MEGANTONI
Red La Convencion,NUEVA LUZ,00002436,LA CONVENCION,MEGANTONI
Red Cusco Norte,SIETE CUARTONES,00002291,CUSCO,CUSCO
Red Cusco Sur,CONCHACALLE,00007699,CUSCO,SAN JERONIMO
Red Cusco Sur,TUPAC AMARU,00025210,CUSCO,SAN SEBASTIAN
Red Cusco Norte,TTIO,00002316,CUSCO,WANCHAQ
Red Cusco Norte,MENTAL COMUNITARIO ANTA,00027790,ANTA,ANTA
Red Cusco Norte,PARCCOTICA,00035838,ANTA,CHINCHAYPUJIO
Red Cusco Norte,LARES,00002347,CALCA,LARES
Red CCE,LAYO,00002371,CANAS,LAYO
Red CCE,TOCCOCCORI,00002377,CANAS,TUPAC AMARU
Red CCE,LA FLORIDA,00002383,CANCHIS,SICUANI
Red CCE,PHINAYA,00002393,CANCHIS,PITUMARCA
Red Chumbivilcas,AÑAHUICHI,00002403,CHUMBIVILCAS,CHAMACA
Red Chumbivilcas,CCONCHACCOLLO,00016330,CHUMBIVILCAS,CHAMACA
Red Chumbivilcas,HUAYLLANI,00008914,CHUMBIVILCAS,COLQUEMARCA
Red Chumbivilcas,PUMALLACTA,00025369,CHUMBIVILCAS,QUIÑOTA
Red Chumbivilcas,CCOLLANA,00006984,CHUMBIVILCAS,QUIÑOTA
Red CCE,HUAYHUAHUASI,00002414,ESPINAR,COPORAQUE
Red La Convencion,KAMANQUIRIATO,00002447,LA CONVENCION,ECHARATE
Red La Convencion,AMAYBAMBA,00002456,LA CONVENCION,HUAYOPATA
Red La Convencion,ALFAMAYO,00002454,LA CONVENCION,HUAYOPATA
Red La Convencion,PUCYURA,00002480,LA CONVENCION,VILCABAMBA
Red Cusco Sur,CCOCHIRIHUAY,00006978,PARURO,COLCHA
Red Cusco Sur,PUESTO DE SALUD DE HUASQUILLAY,00007147,PARURO,OMACHA
Red Cusco Sur,PACCARECTAMBO,00002507,PARURO,PACCARITAMBO
Red Cusco Sur,HUASAC,00002513,PAUCARTAMBO,CAICAY
Red Cusco Sur,HUARA HUARA,00008911,QUISPICANCHI,CCATCA
Red Cusco Sur,INCACANCHA,00007110,QUISPICANCHI,MARCAPATA
Red Cusco Norte,URUBAMBA,00002540,URUBAMBA,URUBAMBA
Red Cusco Norte,OLLANTAYTAMBO,00002549,URUBAMBA,OLLANTAYTAMBO
Red La Convencion,TIMPIA,00002445,LA CONVENCION,MEGANTONI
Red Cusco Norte,CCORCCA,00002297,CUSCO,CCORCA
Red Cusco Norte,POROY,00002299,CUSCO,POROY
Red Cusco Sur,ACOS,00002319,ACOMAYO,ACOS
Red Cusco Norte,HUAMANPATA,00021061,ANTA,MOLLEPATA
Red Cusco Norte,MENTAL COMUNITARIO VIRGEN ASUNTA DE CALCA,00026273,CALCA,CALCA
Red CCE,CHIARA,00034448,CANCHIS,COMBAPATA
Red Chumbivilcas,ARCANGEL SAN MIGUEL DE ESQUINA CONGUNYA,00030940,CHUMBIVILCAS,SANTO TOMAS
Red Chumbivilcas,PATAQUEÑA - LIVITACA,00016332,CHUMBIVILCAS,LIVITACA
Red Chumbivilcas,LUTTO,00006747,CHUMBIVILCAS,LLUSCO
Red Chumbivilcas,AYACCASI,00027011,CHUMBIVILCAS,VELILLE
Red Chumbivilcas,TUNTUMA,00025371,CHUMBIVILCAS,VELILLE
Red La Convencion,MENTAL QUILLABAMBA,00026386,LA CONVENCION,SANTA ANA
Red La Convencion,IDMA,00002423,LA CONVENCION,SANTA ANA
Red La Convencion,HUYRO,00002453,LA CONVENCION,HUAYOPATA
Red La Convencion,QUELLOUNO,00002465,LA CONVENCION,QUELLOUNO
Red La Convencion,SULLUCUYOC,00002477,LA CONVENCION,SANTA TERESA
Red La Convencion,PACCAYBAMBA,00002485,LA CONVENCION,INKAWASI
Red Cusco Sur,ANTAPALLPA,00002506,PARURO,OMACHA
Red Cusco Sur,MENTAL COMUNITARIO VIRGEN DEL ROSARIO,00033777,PAUCARTAMBO,PAUCARTAMBO
Red Cusco Sur,QUINCE MIL,00002526,QUISPICANCHI,CAMANTI
Red Cusco Norte,BUENA VISTA,00002295,CUSCO,CUSCO
Red Cusco Norte,BELEMPAMPA,00002306,CUSCO,SANTIAGO
Red Cusco Sur,POMACANCHI,00002321,ACOMAYO,POMACANCHI
Red Cusco Sur,SANTA LUCIA,00012926,ACOMAYO,POMACANCHI
Red Cusco Norte,HUARQUI,00036012,CALCA,LAMAY
Red Cusco Norte,SUYO,00002361,CALCA,LARES
Red Cusco Norte,PUTUCUSI,00002359,CALCA,YANATILE
Red Cusco Norte,LA QUEBRADA,00002355,CALCA,YANATILE
Red CCE,HAMPATURA,00018241,CANAS,YANAOCA
Red Chumbivilcas,CHARAMURAY,00002405,CHUMBIVILCAS,COLQUEMARCA
Red Chumbivilcas,AUSANTA,00016327,CHUMBIVILCAS,LIVITACA
Red CCE,"MENTAL COMUNITARIO ESPINAR ""MUSUQ KAWSAY""",00030366,ESPINAR,ESPINAR
Red CCE,ACCOCUNCA,00002420,ESPINAR,ALTO PICHIGUA
Red La Convencion,OYARA,00002484,LA CONVENCION,VILCABAMBA
Red La Convencion,CHANCAVINE,00013070,LA CONVENCION,VILLA VIRGEN
Red Cusco VRAEM,VILLA KINTIARINA,00002488,LA CONVENCION,VILLA KINTIARINA
Red Cusco Sur,CHALLABAMBA,00002514,PAUCARTAMBO,CHALLABAMBA
Red Cusco Sur,COLQUEPATA,00002516,PAUCARTAMBO,COLQUEPATA
Red Cusco Sur,PAMPACAMARA,00002524,QUISPICANCHI,CCATCA
Red Cusco Norte,CHILLCA,00002550,URUBAMBA,OLLANTAYTAMBO
Red Cusco Norte,DIGNIDAD NACIONAL,00002309,CUSCO,SANTIAGO
Red Cusco Norte,CHINCHAYPUJIO,00036240,ANTA,CHINCHAYPUJIO
Red Cusco Norte,ACCHA ALTA - PAMPALLACTA,00010762,CALCA,CALCA
Red Cusco Norte,TIRACANCHA,00036087,CALCA,SAN SALVADOR
Red Chumbivilcas,TOTORAPALLCA,00006985,CHUMBIVILCAS,LLUSCO
Red Chumbivilcas,LLUSCO,00002407,CHUMBIVILCAS,LLUSCO
Hospital,ESPINAR,00007135,ESPINAR,ESPINAR
Red CCE,COPORAQUE,00002412,ESPINAR,COPORAQUE
Red CCE,SUYKUTAMBO,00002419,ESPINAR,SUYCKUTAMBO
Red La Convencion,SANTA ANA,00008910,LA CONVENCION,SANTA ANA
Red La Convencion,CIRIALO,00002429,LA CONVENCION,ECHARATE
Red La Convencion,MATORIATO,00008907,LA CONVENCION,QUELLOUNO
Red Cusco VRAEM,KIMBIRI ALTO,00002475,LA CONVENCION,KIMBIRI
Red La Convencion,YUVENI,00002489,LA CONVENCION,VILCABAMBA
Red Cusco Sur,HUANOQUITE,00002504,PARURO,HUANOQUITE
Red Cusco Sur,OMACHA,00002505,PARURO,OMACHA
Red Cusco Sur,TINKI,00006977,QUISPICANCHI,OCONGATE
Red Cusco Norte,COLLPANI,00002547,URUBAMBA,MACHUPICCHU
Red La Convencion,MONTETONI,00013066,LA CONVENCION,MEGANTONI
Red La Convencion,NUEVA VIDA,00015235,LA CONVENCION,MEGANTONI
Red Cusco Norte,PICCHU LA RINCONADA,00002294,CUSCO,CUSCO
Red Cusco Sur,SAN JUAN DE POMACANCHI,00002322,ACOMAYO,POMACANCHI
Red Cusco Norte,MOLLEPATA,00002338,ANTA,MOLLEPATA
Red Cusco Norte,LAMAY,00002344,CALCA,LAMAY
Red Cusco Norte,COLCCA YANATILE,00002357,CALCA,YANATILE
Red CCE,CHAUPIBANDA,00034449,CANAS,QUEHUE
Red CCE,TECHO OBRERO,00002380,CANCHIS,SICUANI
Red CCE,UZCUPATA,00002382,CANCHIS,SICUANI
Red CCE,TINTA,00002397,CANCHIS,TINTA
Red Chumbivilcas,ALHUACCHULLO,00002400,CHUMBIVILCAS,SANTO TOMAS
Red Chumbivilcas,MENTAL COMUNITARIO SANTO TOMAS,00037347,CHUMBIVILCAS,SANTO TOMAS
Red Chumbivilcas,PULPERA,00002399,CHUMBIVILCAS,SANTO TOMAS
Red Chumbivilcas,PFULLPURI CONDEPAMPA,00008915,CHUMBIVILCAS,SANTO TOMAS
Red Chumbivilcas,SANTA ISABEL JALCCO,00035862,CHUMBIVILCAS,LIVITACA
Red CCE,CONDOROMA,00002411,ESPINAR,CONDOROMA
Red La Convencion,PAVAYOC,00015842,LA CONVENCION,SANTA ANA
Red La Convencion,IVOCHOTE,00002431,LA CONVENCION,ECHARATE
Red Cusco Norte,PUENTE SANTIAGO,00002467,LA CONVENCION,QUELLOUNO
Red Cusco VRAEM,ANGELES,00008285,LA CONVENCION,KIMBIRI
Red La Convencion,TOTORA,00002478,LA CONVENCION,SANTA TERESA
Red La Convencion,PALTAYBAMBA,00002492,LA CONVENCION,VILCABAMBA
Red Cusco VRAEM,OTARI,00002497,LA CONVENCION,PICHARI
Red Cusco VRAEM,PICHARI BAJA,00015170,LA CONVENCION,PICHARI
Red Cusco Sur,CCAPI,00002501,PARURO,CCAPI
Red Cusco Norte,MACHUPICCHU,00002546,URUBAMBA,MACHUPICCHU
Red La Convencion,PUERTO HUALLANA,00002441,LA CONVENCION,MEGANTONI